CSDUID,Average_Travel_Minutes
1001101,6.0
1001105,5.0
1001113,5.0
1001120,4.0
1001124,5.0
1001126,6.0
1001131,4.0
1001136,4.0
1001140,4.0
1001144,5.0
1001149,3.0
1001155,3.0
1001169,4.0
1001174,6.0
1001178,6.0
1001181,6.0
1001186,6.0
1001192,4.0
1001197,5.0
1001203,4.0
1001207,4.0
1001214,4.0
1001219,5.0
1001225,5.0
1001228,6.0
1001234,5.0
1001240,5.0
1001254,4.0
1001259,4.0
1001263,2.0
1001267,5.0
1001270,4.0
1001274,3.0
1001277,3.0
1001281,2.0
1001285,2.0
1001289,1.0
1001293,2.0
1001298,3.0
1001304,3.0
1001308,2.0
1001312,3.0
1001316,4.0
1001321,4.0
1001325,4.0
1001328,6.0
1001332,8.0
1001335,6.0
1001339,4.0
1001343,4.0
1001347,4.0
1001352,5.0
1001357,3.0
1001361,6.0
1001365,5.0
1001370,7.0
1001374,9.0
1001375,9.0
1001379,9.0
1001385,9.0
1001391,
1001394,8.0
1001396,4.0
1001405,3.0
1001409,2.0
1001415,7.0
1001421,5.0
1001426,6.0
1001429,6.0
1001434,7.0
1001437,8.0
1001441,6.0
1001446,7.0
1001452,5.0
1001456,3.0
1001461,3.0
1001464,3.0
1001469,5.0
1001472,7.0
1001485,12.0
1001490,18.0
1001494,18.0
1001504,20.0
1001505,23.0
1001507,23.0
1001509,29.0
1001511,32.0
1001512,33.0
1001517,24.0
1001519,27.0
1001542,15.0
1001551,10.0
1001557,10.0
1001559,16.0
1001565,10.0
1002001,46.0
1002002,84.0
1002005,72.0
1002006,82.0
1002008,83.0
1002009,84.0
1002011,85.0
1002012,80.0
1002013,28.0
1002014,22.0
1002015,37.0
1002016,36.0
1002017,40.0
1002018,40.0
1002019,45.0
1002021,48.0
1002022,43.0
1002023,38.0
1002024,29.0
1002025,25.0
1002026,24.0
1002027,33.0
1002029,
1002030,45.0
1002031,23.0
1002033,14.0
1002034,8.0
1002036,8.0
1002037,1.0
1002039,5.0
1002040,2.0
1002041,2.0
1002044,3.0
1002048,2.0
1002055,9.0
1003001,
1003002,
1003003,164.0
1003004,155.0
1003005,165.0
1003006,
1003008,167.0
1003009,150.0
1003010,167.0
1003011,166.0
1003012,167.0
1003014,
1003018,
1003019,42.0
1003020,3.0
1003021,
1003024,
1003026,
1003028,33.0
1003031,16.0
1003032,20.0
1003033,7.0
1003034,32.0
1003038,
1003042,120.0
1003045,121.0
1003801,142.0
1004001,35.0
1004006,2.0
1004011,3.0
1004013,5.0
1004016,5.0
1004017,3.0
1004018,10.0
1004019,20.0
1004020,60.0
1004021,46.0
1004022,42.0
1004033,40.0
1004037,70.0
1004042,57.0
1005001,115.0
1005003,147.0
1005004,49.0
1005005,36.0
1005006,37.0
1005007,40.0
1005008,52.0
1005009,21.0
1005010,22.0
1005011,22.0
1005012,18.0
1005014,5.0
1005015,3.0
1005016,4.0
1005017,2.0
1005018,14.0
1005019,28.0
1005020,64.0
1005022,46.0
1005023,5.0
1005024,9.0
1005025,5.0
1005028,7.0
1005030,11.0
1005033,10.0
1005035,7.0
1006001,14.0
1006003,5.0
1006008,5.0
1006009,18.0
1006011,28.0
1006012,14.0
1006014,14.0
1006015,12.0
1006017,13.0
1006019,4.0
1006021,6.0
1006022,13.0
1006026,85.0
1006028,77.0
1006029,76.0
1006031,5.0
1007001,98.0
1007006,80.0
1007009,66.0
1007013,67.0
1007014,39.0
1007015,49.0
1007016,41.0
1007018,47.0
1007020,50.0
1007022,68.0
1007023,41.0
1007024,50.0
1007025,42.0
1007026,47.0
1007027,39.0
1007028,32.0
1007031,22.0
1007032,7.0
1007036,7.0
1007037,7.0
1007038,6.0
1007039,20.0
1007040,13.0
1007041,23.0
1007042,20.0
1007043,17.0
1007044,27.0
1007045,22.0
1007046,24.0
1007047,26.0
1007048,10.0
1007049,5.0
1007050,4.0
1007051,3.0
1007054,9.0
1007056,7.0
1007057,8.0
1007060,24.0
1007067,18.0
1008001,17.0
1008004,14.0
1008006,8.0
1008008,35.0
1008011,6.0
1008024,6.0
1008026,2.0
1008029,4.0
1008031,20.0
1008032,24.0
1008033,40.0
1008035,49.0
1008036,45.0
1008037,41.0
1008038,43.0
1008039,43.0
1008040,53.0
1008042,50.0
1008043,54.0
1008044,71.0
1008045,92.0
1008046,89.0
1008047,88.0
1008048,57.0
1008049,77.0
1008052,82.0
1008053,131.0
1008054,60.0
1008055,70.0
1008056,73.0
1008058,72.0
1008059,70.0
1008060,57.0
1008061,55.0
1008062,30.0
1008063,14.0
1008064,
1008065,18.0
1008066,52.0
1008067,25.0
1008069,33.0
1008070,1.0
1008071,21.0
1008072,18.0
1008073,28.0
1008074,29.0
1008075,55.0
1008076,71.0
1008077,88.0
1008078,69.0
1008079,60.0
1008091,52.0
1008092,68.0
1008093,60.0
1008095,49.0
1008096,49.0
1008098,55.0
1008099,90.0
1009001,25.0
1009004,18.0
1009007,23.0
1009008,20.0
1009009,16.0
1009010,16.0
1009011,12.0
1009012,18.0
1009013,30.0
1009015,55.0
1009016,54.0
1009017,30.0
1009018,46.0
1009019,50.0
1009020,33.0
1009021,22.0
1009022,22.0
1009023,41.0
1009024,51.0
1009026,36.0
1009028,28.0
1009029,44.0
1009030,40.0
1009031,46.0
1009032,42.0
1009034,11.0
1009035,71.0
1009037,7.0
1009039,19.0
1009041,9.0
1009042,7.0
1009047,56.0
1009048,50.0
1010001,
1010002,
1010003,
1010004,44.0
1010005,36.0
1010006,38.0
1010007,4.0
1010008,3.0
1010009,6.0
1010010,6.0
1010011,7.0
1010012,11.0
1010013,11.0
1010020,25.0
1010022,11.0
1010025,14.0
1010029,3.0
1010032,120.0
1010034,39.0
1010042,
1010801,
1010802,44.0
1011005,
1011010,2914.0
1011015,2912.0
1011020,2257.0
1011030,
1011035,1591.0
1011040,
1101002,60.0
1101003,62.0
1101004,35.0
1101005,36.0
1101020,36.0
1101025,40.0
1101027,45.0
1101030,50.0
1101033,37.0
1101035,41.0
1101036,39.0
1101037,57.0
1101040,34.0
1101043,53.0
1101044,36.0
1101045,44.0
1101048,41.0
1101050,31.0
1101052,38.0
1102002,15.0
1102003,11.0
1102005,10.0
1102010,10.0
1102011,11.0
1102013,8.0
1102015,8.0
1102016,6.0
1102017,3.0
1102018,5.0
1102019,5.0
1102020,5.0
1102021,4.0
1102022,7.0
1102030,6.0
1102032,7.0
1102034,6.0
1102035,8.0
1102037,7.0
1102040,8.0
1102043,8.0
1102045,8.0
1102046,8.0
1102050,8.0
1102051,9.0
1102055,8.0
1102057,5.0
1102059,7.0
1102061,6.0
1102064,10.0
1102066,11.0
1102067,13.0
1102068,16.0
1102069,16.0
1102070,14.0
1102071,21.0
1102072,30.0
1102073,22.0
1102075,17.0
1102080,21.0
1102085,16.0
1103002,67.0
1103003,64.0
1103004,50.0
1103005,48.0
1103007,45.0
1103008,55.0
1103014,25.0
1103015,7.0
1103018,9.0
1103020,7.0
1103021,5.0
1103022,6.0
1103023,5.0
1103024,5.0
1103025,10.0
1103027,14.0
1103029,10.0
1103033,10.0
1103035,9.0
1103039,22.0
1103040,32.0
1103042,34.0
1103043,61.0
1103050,63.0
1103052,67.0
1103053,55.0
1103055,68.0
1103057,61.0
1103059,62.0
1103060,42.0
1103061,29.0
1103062,16.0
1103063,20.0
1103064,19.0
1103065,36.0
1103066,56.0
1103067,31.0
1103068,23.0
1201001,18.0
1201004,33.0
1201006,42.0
1201008,34.0
1201009,29.0
1202001,9.0
1202004,8.0
1202006,24.0
1202040,38.0
1203001,23.0
1203004,36.0
1203006,24.0
1203009,17.0
1204001,35.0
1204009,43.0
1204010,18.0
1204015,34.0
1205001,37.0
1205002,
1205004,44.0
1205006,38.0
1205008,45.0
1205009,35.0
1205014,40.0
1205016,29.0
1206001,17.0
1206004,37.0
1206006,12.0
1206008,16.0
1206009,16.0
1206011,20.0
1206014,21.0
1206016,
1207001,8.0
1207002,9.0
1207004,13.0
1207011,19.0
1207012,16.0
1207016,23.0
1207021,34.0
1207024,29.0
1207027,19.0
1208003,28.0
1208008,25.0
1208014,22.0
1209019,21.0
1209034,
1209037,18.0
1209038,26.0
1209800,38.0
1210001,24.0
1210002,20.0
1210003,12.0
1210006,8.0
1210008,15.0
1210012,30.0
1211001,46.0
1211006,22.0
1211009,48.0
1211011,9.0
1211012,6.0
1211014,18.0
1212001,15.0
1212004,4.0
1212006,6.0
1212008,7.0
1212009,10.0
1212011,18.0
1212014,16.0
1212016,28.0
1212019,30.0
1212023,
1213001,27.0
1213004,44.0
1213008,8.0
1214001,21.0
1214002,7.0
1214006,14.0
1214010,23.0
1215001,19.0
1215002,16.0
1215005,12.0
1215006,32.0
1215008,16.0
1215011,24.0
1216001,36.0
1216006,15.0
1216011,26.0
1216014,41.0
1217008,36.0
1217020,36.0
1217030,9.0
1218001,27.0
1218003,59.0
1218006,49.0
1301001,17.0
1301002,13.0
1301004,12.0
1301006,10.0
1301016,29.0
1302001,51.0
1302004,47.0
1302006,37.0
1302008,33.0
1302011,34.0
1302012,38.0
1302014,33.0
1302016,59.0
1302018,54.0
1302021,29.0
1302024,25.0
1302026,19.0
1302028,11.0
1302031,9.0
1302034,14.0
1302037,6.0
1302039,17.0
1302042,27.0
1302044,12.0
1302052,15.0
1303001,52.0
1303004,29.0
1303005,27.0
1303006,11.0
1303008,12.0
1303011,6.0
1303012,18.0
1303013,25.0
1303014,16.0
1303016,7.0
1303018,2.0
1304001,63.0
1304004,56.0
1304005,41.0
1304006,56.0
1304008,25.0
1304011,48.0
1304013,39.0
1304014,31.0
1304016,30.0
1304018,48.0
1304021,38.0
1304022,35.0
1304024,41.0
1304025,48.0
1305001,39.0
1305004,16.0
1305006,4.0
1305007,8.0
1305008,6.0
1305011,15.0
1305014,17.0
1305015,23.0
1305016,20.0
1305018,17.0
1305021,17.0
1305022,15.0
1305023,14.0
1305024,14.0
1305026,16.0
1305028,16.0
1305031,16.0
1305034,21.0
1305036,22.0
1305038,22.0
1305045,25.0
1305057,22.0
1306001,11.0
1306003,10.0
1306004,11.0
1306006,9.0
1306007,9.0
1306008,10.0
1306011,10.0
1306014,12.0
1306020,26.0
1306025,24.0
1307001,10.0
1307002,7.0
1307004,9.0
1307005,6.0
1307007,7.0
1307008,4.0
1307009,6.0
1307011,7.0
1307012,7.0
1307013,3.0
1307014,2.0
1307016,3.0
1307019,5.0
1307022,14.0
1307024,5.0
1307028,16.0
1307029,34.0
1307045,18.0
1307052,18.0
1308001,47.0
1308002,51.0
1308003,49.0
1308004,59.0
1308005,56.0
1308006,50.0
1308007,43.0
1308008,39.0
1308010,38.0
1308012,37.0
1308014,36.0
1308015,40.0
1308016,37.0
1308017,26.0
1308018,32.0
1308019,33.0
1308020,35.0
1308021,30.0
1308022,42.0
1308024,57.0
1308026,60.0
1309001,28.0
1309004,33.0
1309006,33.0
1309010,35.0
1309011,28.0
1309014,32.0
1309016,35.0
1309017,16.0
1309018,11.0
1309019,9.0
1309021,7.0
1309022,9.0
1309023,13.0
1309026,14.0
1309027,11.0
1309028,11.0
1309031,26.0
1309033,25.0
1309034,24.0
1309035,25.0
1309036,24.0
1309038,25.0
1309044,18.0
1309047,27.0
1309050,42.0
1310001,34.0
1310002,17.0
1310004,9.0
1310005,8.0
1310006,9.0
1310007,11.0
1310008,11.0
1310011,11.0
1310012,10.0
1310013,10.0
1310014,10.0
1310016,11.0
1310017,11.0
1310018,13.0
1310019,12.0
1310021,13.0
1310024,6.0
1310025,4.0
1310026,6.0
1310028,4.0
1310031,4.0
1310032,23.0
1310034,13.0
1310036,12.0
1310037,10.0
1310054,8.0
1311001,41.0
1311004,19.0
1311005,10.0
1311006,20.0
1311008,23.0
1311011,23.0
1311012,28.0
1311014,35.0
1311018,21.0
1311019,17.0
1311021,2.0
1311024,7.0
1311026,13.0
1311027,19.0
1311028,17.0
1311030,21.0
1311031,20.0
1312001,51.0
1312002,12.0
1312004,10.0
1312006,4.0
1312007,6.0
1312008,8.0
1312009,15.0
1312011,19.0
1312014,28.0
1312016,51.0
1312019,19.0
1312021,6.0
1312023,15.0
1313002,35.0
1313004,8.0
1313006,10.0
1313008,11.0
1313011,9.0
1313012,5.0
1313014,4.0
1313015,4.0
1313018,4.0
1313020,5.0
1313022,7.0
1313024,9.0
1313027,19.0
1313028,
1313031,28.0
1313037,9.0
1314001,20.0
1314003,20.0
1314004,21.0
1314005,16.0
1314006,17.0
1314008,18.0
1314010,18.0
1314011,3.0
1314012,2.0
1314013,4.0
1314014,28.0
1314015,22.0
1314016,27.0
1314017,7.0
1314020,42.0
1314021,13.0
1314022,47.0
1314025,31.0
1314026,20.0
1315002,37.0
1315006,29.0
1315008,33.0
1315010,36.0
1315011,23.0
1315012,5.0
1315013,14.0
1315014,13.0
1315015,17.0
1315016,25.0
1315017,14.0
1315019,8.0
1315020,8.0
1315021,41.0
1315022,40.0
1315024,24.0
1315026,9.0
1315027,5.0
1315028,7.0
1315029,11.0
1315030,10.0
1315031,9.0
1315032,25.0
1315033,39.0
1315036,17.0
1315037,15.0
1315038,19.0
1315040,15.0
2401023,10.0
2401042,21.0
2402005,30.0
2402010,18.0
2402015,15.0
2402028,10.0
2402047,33.0
2402902,
2403005,37.0
2403010,32.0
2403015,27.0
2403020,26.0
2403025,28.0
2403902,
2403904,
2404005,83.0
2404010,57.0
2404015,45.0
2404020,53.0
2404025,35.0
2404030,30.0
2404037,12.0
2404047,15.0
2404902,28.0
2404904,
2405010,45.0
2405015,33.0
2405020,54.0
2405025,34.0
2405032,42.0
2405040,51.0
2405045,53.0
2405050,58.0
2405055,49.0
2405060,35.0
2405065,22.0
2405070,16.0
2405077,26.0
2405902,11.0
2406005,4.0
2406013,15.0
2406020,28.0
2406025,35.0
2406030,15.0
2406035,9.0
2406040,24.0
2406045,51.0
2406050,17.0
2406055,29.0
2406060,30.0
2406802,41.0
2406804,
2406902,
2406904,
2407005,29.0
2407010,26.0
2407018,19.0
2407025,9.0
2407030,10.0
2407035,5.0
2407040,4.0
2407047,7.0
2407057,23.0
2407065,24.0
2407070,29.0
2407075,33.0
2407080,34.0
2407085,23.0
2407090,21.0
2407095,27.0
2407100,38.0
2407105,21.0
2407902,26.0
2407904,
2407906,
2407908,9.0
2407910,14.0
2407912,
2407914,62.0
2408005,36.0
2408010,26.0
2408015,34.0
2408023,20.0
2408030,19.0
2408035,12.0
2408040,9.0
2408053,9.0
2408065,18.0
2408073,23.0
2408080,15.0
2408902,7.0
2409005,34.0
2409010,43.0
2409015,38.0
2409020,34.0
2409025,34.0
2409030,34.0
2409035,30.0
2409040,27.0
2409048,27.0
2409055,30.0
2409060,28.0
2409065,27.0
2409070,28.0
2409077,31.0
2409085,41.0
2409092,41.0
2409902,17.0
2409904,
2410005,13.0
2410010,11.0
2410015,11.0
2410025,10.0
2410030,9.0
2410043,11.0
2410060,18.0
2410070,7.0
2410075,7.0
2410902,6.0
2411005,11.0
2411010,27.0
2411015,27.0
2411020,30.0
2411025,23.0
2411030,20.0
2411035,14.0
2411040,5.0
2411045,4.0
2411050,12.0
2411055,17.0
2411902,
2412005,20.0
2412010,25.0
2412015,17.0
2412020,7.0
2412025,7.0
2412030,6.0
2412035,5.0
2412043,3.0
2412045,2.0
2412057,3.0
2412065,4.0
2412072,14.0
2412080,20.0
2413005,33.0
2413010,36.0
2413015,47.0
2413020,45.0
2413025,15.0
2413030,20.0
2413040,12.0
2413045,24.0
2413050,23.0
2413055,32.0
2413060,25.0
2413065,30.0
2413073,36.0
2413075,22.0
2413080,12.0
2413085,10.0
2413090,10.0
2413095,11.0
2413100,27.0
2414005,15.0
2414010,16.0
2414018,23.0
2414025,24.0
2414030,23.0
2414035,26.0
2414040,28.0
2414045,23.0
2414050,18.0
2414055,15.0
2414060,21.0
2414065,10.0
2414070,11.0
2414075,17.0
2414080,7.0
2414085,4.0
2414090,11.0
2414902,40.0
2414904,
2415005,59.0
2415013,11.0
2415025,16.0
2415030,14.0
2415035,11.0
2415058,38.0
2415065,23.0
2415902,22.0
2415904,23.0
2416005,24.0
2416013,16.0
2416023,10.0
2416048,18.0
2416050,35.0
2416055,26.0
2416902,
2417005,17.0
2417010,26.0
2417015,21.0
2417020,28.0
2417025,29.0
2417030,22.0
2417035,22.0
2417040,26.0
2417045,21.0
2417055,38.0
2417060,18.0
2417065,50.0
2417070,54.0
2417078,57.0
2418005,36.0
2418010,17.0
2418015,14.0
2418020,14.0
2418025,8.0
2418030,7.0
2418035,7.0
2418040,9.0
2418045,8.0
2418050,11.0
2418055,42.0
2418060,44.0
2418065,57.0
2418070,47.0
2419005,15.0
2419010,21.0
2419015,21.0
2419020,18.0
2419025,18.0
2419030,24.0
2419037,27.0
2419045,33.0
2419050,34.0
2419055,35.0
2419062,28.0
2419068,24.0
2419070,46.0
2419075,46.0
2419082,47.0
2419090,44.0
2419097,40.0
2419105,31.0
2419110,25.0
2419117,53.0
2420005,39.0
2420010,34.0
2420015,26.0
2420020,24.0
2420025,20.0
2420030,18.0
2421005,44.0
2421010,13.0
2421015,
2421020,6.0
2421025,5.0
2421030,7.0
2421035,18.0
2421040,17.0
2421045,18.0
2421902,
2421904,
2422005,35.0
2422010,24.0
2422015,26.0
2422020,22.0
2422025,23.0
2422030,29.0
2422035,23.0
2422040,21.0
2422045,26.0
2422902,
2423015,26.0
2423027,10.0
2423057,13.0
2423072,12.0
2423802,9.0
2425213,9.0
2426005,24.0
2426010,23.0
2426015,15.0
2426022,21.0
2426030,28.0
2426035,30.0
2426040,29.0
2426048,30.0
2426055,35.0
2426063,34.0
2426070,36.0
2427008,29.0
2427015,21.0
2427028,22.0
2427035,26.0
2427043,29.0
2427050,30.0
2427055,34.0
2427060,25.0
2427065,27.0
2427070,27.0
2428005,49.0
2428015,38.0
2428020,35.0
2428025,21.0
2428030,23.0
2428035,23.0
2428040,30.0
2428045,28.0
2428053,38.0
2428060,40.0
2428065,48.0
2428070,49.0
2428075,42.0
2429005,17.0
2429013,11.0
2429020,11.0
2429025,9.0
2429030,8.0
2429038,5.0
2429045,5.0
2429050,7.0
2429057,9.0
2429065,9.0
2429073,14.0
2429095,19.0
2429100,12.0
2429112,23.0
2429120,37.0
2429125,57.0
2430005,43.0
2430010,42.0
2430015,22.0
2430020,27.0
2430025,22.0
2430030,5.0
2430035,6.0
2430040,6.0
2430045,8.0
2430050,9.0
2430055,19.0
2430070,25.0
2430072,34.0
2430080,11.0
2430085,24.0
2430090,26.0
2430095,40.0
2430100,38.0
2430105,38.0
2430110,31.0
2431008,26.0
2431015,13.0
2431020,6.0
2431025,3.0
2431030,7.0
2431035,6.0
2431040,4.0
2431045,3.0
2431050,3.0
2431056,5.0
2431060,6.0
2431084,17.0
2431095,26.0
2431100,17.0
2431105,24.0
2431122,19.0
2431130,21.0
2431135,16.0
2431140,32.0
2432013,40.0
2432023,32.0
2432033,26.0
2432040,25.0
2432045,16.0
2432050,19.0
2432058,25.0
2432065,29.0
2432072,29.0
2432080,27.0
2432085,28.0
2433007,20.0
2433017,16.0
2433025,19.0
2433030,20.0
2433035,25.0
2433040,25.0
2433045,28.0
2433052,33.0
2433060,27.0
2433065,25.0
2433070,23.0
2433080,32.0
2433085,35.0
2433090,40.0
2433095,42.0
2433102,33.0
2433115,31.0
2433123,49.0
2434007,39.0
2434017,22.0
2434025,23.0
2434030,22.0
2434038,21.0
2434048,16.0
2434058,5.0
2434060,2.0
2434065,7.0
2434078,17.0
2434085,14.0
2434090,14.0
2434097,8.0
2434105,1.0
2434115,2.0
2434120,3.0
2434128,14.0
2434135,39.0
2434902,
2434904,20.0
2434906,
2435005,54.0
2435010,41.0
2435015,39.0
2435020,36.0
2435027,40.0
2435035,28.0
2435040,29.0
2435045,28.0
2435050,21.0
2435055,35.0
2435902,
2435904,59.0
2435906,232.0
2435908,
2436033,13.0
2437067,10.0
2437205,25.0
2437210,27.0
2437215,20.0
2437220,16.0
2437225,14.0
2437230,16.0
2437235,11.0
2437240,10.0
2437245,11.0
2437250,11.0
2438005,50.0
2438010,28.0
2438015,16.0
2438020,16.0
2438028,19.0
2438035,22.0
2438040,35.0
2438047,40.0
2438055,47.0
2438060,37.0
2438065,40.0
2438070,18.0
2438802,14.0
2439005,33.0
2439010,25.0
2439015,25.0
2439020,15.0
2439025,10.0
2439030,11.0
2439035,9.0
2439043,9.0
2439060,7.0
2439062,8.0
2439077,19.0
2439085,26.0
2439090,16.0
2439097,13.0
2439105,6.0
2439117,18.0
2439130,10.0
2439135,17.0
2439145,27.0
2439152,32.0
2439165,31.0
2439170,11.0
2440005,19.0
2440010,16.0
2440017,5.0
2440025,1.0
2440032,2.0
2440043,6.0
2440047,15.0
2441012,45.0
2441020,37.0
2441027,39.0
2441037,40.0
2441038,25.0
2441055,19.0
2441060,30.0
2441065,44.0
2441070,35.0
2441075,30.0
2441080,31.0
2441085,36.0
2441098,18.0
2441117,11.0
2442005,23.0
2442020,22.0
2442025,29.0
2442032,38.0
2442040,35.0
2442045,37.0
2442050,37.0
2442055,39.0
2442060,32.0
2442065,31.0
2442070,26.0
2442075,21.0
2442078,20.0
2442088,21.0
2442095,22.0
2442098,21.0
2442100,15.0
2442110,16.0
2443027,10.0
2444003,26.0
2444005,21.0
2444010,24.0
2444015,22.0
2444023,25.0
2444037,30.0
2444045,31.0
2444050,30.0
2444055,32.0
2444060,28.0
2444071,35.0
2444080,46.0
2445008,13.0
2445020,7.0
2445025,5.0
2445030,3.0
2445035,2.0
2445043,2.0
2445050,1.0
2445055,2.0
2445060,4.0
2445072,12.0
2445080,32.0
2445085,23.0
2445093,27.0
2445095,26.0
2445100,26.0
2445105,39.0
2445115,10.0
2446005,28.0
2446010,35.0
2446017,35.0
2446025,44.0
2446030,34.0
2446035,41.0
2446040,46.0
2446045,47.0
2446050,49.0
2446058,51.0
2446065,48.0
2446070,51.0
2446075,48.0
2446078,43.0
2446080,54.0
2446085,47.0
2446090,59.0
2446095,60.0
2446100,67.0
2446105,42.0
2446112,40.0
2447010,34.0
2447017,38.0
2447025,39.0
2447030,39.0
2447035,37.0
2447040,29.0
2447047,38.0
2447055,36.0
2448005,24.0
2448010,26.0
2448015,23.0
2448020,25.0
2448028,31.0
2448038,38.0
2448045,41.0
2448050,26.0
2449005,18.0
2449015,15.0
2449020,10.0
2449025,11.0
2449030,13.0
2449040,8.0
2449048,9.0
2449058,12.0
2449070,3.0
2449075,5.0
2449080,5.0
2449085,5.0
2449095,6.0
2449100,9.0
2449105,12.0
2449113,19.0
2449125,15.0
2449130,8.0
2450005,18.0
2450013,18.0
2450023,23.0
2450030,22.0
2450035,23.0
2450042,24.0
2450050,24.0
2450057,25.0
2450065,21.0
2450072,30.0
2450085,27.0
2450090,27.0
2450095,29.0
2450100,26.0
2450113,26.0
2450128,29.0
2450802,29.0
2451008,39.0
2451015,23.0
2451020,17.0
2451025,25.0
2451030,25.0
2451035,26.0
2451040,27.0
2451045,31.0
2451050,30.0
2451055,31.0
2451060,31.0
2451065,32.0
2451070,29.0
2451075,38.0
2451080,41.0
2451085,37.0
2451090,42.0
2452007,35.0
2452017,20.0
2452030,18.0
2452035,19.0
2452040,25.0
2452045,27.0
2452050,24.0
2452055,23.0
2452062,23.0
2452070,23.0
2452075,24.0
2452080,22.0
2452085,16.0
2452090,38.0
2452095,42.0
2453005,6.0
2453010,5.0
2453015,3.0
2453020,2.0
2453025,2.0
2453032,3.0
2453040,6.0
2453050,6.0
2453052,11.0
2453065,25.0
2453072,17.0
2453085,20.0
2454008,21.0
2454017,19.0
2454025,18.0
2454030,21.0
2454035,19.0
2454048,10.0
2454060,6.0
2454065,6.0
2454072,8.0
2454090,9.0
2454095,9.0
2454100,11.0
2454105,10.0
2454110,13.0
2454115,13.0
2454120,9.0
2454125,9.0
2455008,29.0
2455015,27.0
2455023,35.0
2455030,31.0
2455037,28.0
2455048,28.0
2455057,27.0
2455065,31.0
2456005,37.0
2456010,39.0
2456015,36.0
2456023,31.0
2456030,30.0
2456035,28.0
2456042,28.0
2456050,26.0
2456055,27.0
2456060,28.0
2456065,28.0
2456083,34.0
2456097,32.0
2456105,28.0
2457005,22.0
2457010,23.0
2457020,20.0
2457025,23.0
2457030,24.0
2457033,24.0
2457035,22.0
2457040,22.0
2457045,19.0
2457050,17.0
2457057,23.0
2457068,22.0
2457075,24.0
2458007,7.0
2458012,5.0
2458033,5.0
2458037,6.0
2458227,12.0
2459010,20.0
2459015,24.0
2459020,24.0
2459025,15.0
2459030,17.0
2459035,19.0
2460005,12.0
2460013,12.0
2460020,19.0
2460028,15.0
2460037,13.0
2461005,15.0
2461013,11.0
2461020,7.0
2461025,7.0
2461027,11.0
2461030,10.0
2461035,9.0
2461040,13.0
2461045,13.0
2461050,11.0
2462007,160.0
2462015,79.0
2462020,45.0
2462025,33.0
2462030,35.0
2462037,26.0
2462047,26.0
2462053,24.0
2462055,26.0
2462060,31.0
2462065,36.0
2462070,40.0
2462075,40.0
2462080,47.0
2462085,38.0
2462802,29.0
2462902,
2462904,28.0
2462906,50.0
2462908,96.0
2462910,
2462912,62.0
2462914,
2462916,
2462918,
2462919,
2462920,
2462922,
2463005,17.0
2463013,19.0
2463023,18.0
2463030,25.0
2463035,25.0
2463040,31.0
2463048,34.0
2463055,29.0
2463060,33.0
2463065,30.0
2464008,14.0
2464015,15.0
2465005,10.0
2466007,12.0
2466023,7.0
2466032,14.0
2466047,11.0
2466058,10.0
2466062,7.0
2466072,6.0
2466087,7.0
2466092,5.0
2466097,7.0
2466102,5.0
2466107,6.0
2466112,7.0
2466117,10.0
2466127,12.0
2466142,8.0
2467005,20.0
2467010,18.0
2467015,16.0
2467020,10.0
2467025,5.0
2467030,7.0
2467035,13.0
2467040,11.0
2467045,13.0
2467050,16.0
2467055,18.0
2467802,
2468005,30.0
2468010,26.0
2468015,24.0
2468020,24.0
2468025,20.0
2468030,19.0
2468035,27.0
2468040,29.0
2468045,30.0
2468050,38.0
2468055,34.0
2469005,14.0
2469010,17.0
2469017,18.0
2469025,14.0
2469030,14.0
2469037,6.0
2469045,13.0
2469050,16.0
2469055,25.0
2469060,21.0
2469065,20.0
2469070,33.0
2469075,16.0
2469802,
2470005,9.0
2470012,12.0
2470022,16.0
2470030,14.0
2470035,11.0
2470040,10.0
2470052,7.0
2471005,19.0
2471015,18.0
2471020,19.0
2471025,20.0
2471033,21.0
2471040,21.0
2471045,20.0
2471050,19.0
2471055,16.0
2471060,19.0
2471065,22.0
2471070,24.0
2471075,28.0
2471083,21.0
2471090,23.0
2471095,21.0
2471100,20.0
2471105,21.0
2471110,21.0
2471115,20.0
2471125,19.0
2471133,21.0
2471140,23.0
2472005,8.0
2472010,8.0
2472015,13.0
2472020,18.0
2472025,21.0
2472032,19.0
2472043,5.0
2472802,
2473005,15.0
2473010,15.0
2473015,13.0
2473020,17.0
2473025,24.0
2473030,24.0
2473035,16.0
2474005,15.0
2475005,8.0
2475017,13.0
2475028,12.0
2475040,9.0
2475045,20.0
2476008,20.0
2476020,6.0
2476025,8.0
2476030,7.0
2476035,9.0
2476043,15.0
2476052,21.0
2476055,16.0
2476065,13.0
2477011,28.0
2477012,30.0
2477022,21.0
2477030,22.0
2477035,24.0
2477043,26.0
2477050,20.0
2477055,33.0
2477060,23.0
2477065,33.0
2478005,39.0
2478010,32.0
2478015,26.0
2478020,45.0
2478032,22.0
2478042,25.0
2478047,17.0
2478050,14.0
2478055,10.0
2478060,12.0
2478065,12.0
2478070,11.0
2478075,7.0
2478095,6.0
2478100,4.0
2478102,15.0
2478115,40.0
2478120,24.0
2478127,19.0
2478130,26.0
2478802,
2479005,223.0
2479010,109.0
2479015,154.0
2479022,84.0
2479025,72.0
2479030,22.0
2479037,10.0
2479047,43.0
2479050,24.0
2479060,29.0
2479065,16.0
2479078,5.0
2479088,20.0
2479097,21.0
2479105,13.0
2479110,19.0
2479115,11.0
2479902,
2479904,
2479906,
2479910,
2479912,
2479914,
2479916,
2479920,
2479922,25.0
2479924,
2479926,
2480005,55.0
2480010,50.0
2480015,47.0
2480020,39.0
2480027,31.0
2480037,27.0
2480045,23.0
2480050,19.0
2480055,18.0
2480060,17.0
2480065,15.0
2480070,20.0
2480078,33.0
2480085,48.0
2480090,49.0
2480095,66.0
2480103,48.0
2480110,26.0
2480115,51.0
2480125,31.0
2480130,32.0
2480135,45.0
2480140,49.0
2480145,23.0
2481017,9.0
2482005,19.0
2482010,28.0
2482015,19.0
2482020,14.0
2482025,17.0
2482030,19.0
2482035,19.0
2483005,277.0
2483010,227.0
2483015,49.0
2483020,24.0
2483032,15.0
2483040,3.0
2483045,3.0
2483050,6.0
2483055,8.0
2483060,9.0
2483065,17.0
2483070,32.0
2483075,37.0
2483085,39.0
2483088,33.0
2483090,26.0
2483095,30.0
2483802,38.0
2483804,
2483902,
2483904,
2483906,
2483908,
2483912,
2484005,111.0
2484010,52.0
2484015,55.0
2484020,38.0
2484025,31.0
2484030,33.0
2484035,34.0
2484040,29.0
2484045,19.0
2484050,18.0
2484055,18.0
2484060,13.0
2484065,4.0
2484070,14.0
2484082,15.0
2484090,25.0
2484095,47.0
2484100,34.0
2484902,52.0
2485005,36.0
2485010,13.0
2485015,7.0
2485020,13.0
2485025,3.0
2485030,3.0
2485037,23.0
2485045,28.0
2485052,30.0
2485055,28.0
2485060,29.0
2485065,26.0
2485070,42.0
2485075,26.0
2485085,16.0
2485090,66.0
2485095,84.0
2485100,117.0
2485105,126.0
2485802,130.0
2485803,109.0
2485804,18.0
2485806,2.0
2485905,9.0
2485907,14.0
2486042,13.0
2487005,29.0
2487010,17.0
2487015,23.0
2487020,18.0
2487025,29.0
2487030,20.0
2487035,13.0
2487042,16.0
2487050,8.0
2487058,6.0
2487070,6.0
2487075,10.0
2487080,10.0
2487085,8.0
2487090,18.0
2487095,48.0
2487100,27.0
2487105,39.0
2487110,33.0
2487115,35.0
2487120,7.0
2487902,
2487904,12.0
2488005,44.0
2488010,51.0
2488015,44.0
2488022,39.0
2488030,46.0
2488035,25.0
2488040,17.0
2488045,12.0
2488050,5.0
2488055,6.0
2488060,30.0
2488065,14.0
2488070,24.0
2488075,15.0
2488080,16.0
2488085,21.0
2488090,25.0
2488802,37.0
2488902,33.0
2488904,26.0
2489008,17.0
2489010,18.0
2489015,83.0
2489040,24.0
2489045,7.0
2489050,6.0
2489802,7.0
2489804,8.0
2489902,
2489908,
2489910,
2489912,
2490012,51.0
2490017,37.0
2490027,18.0
2490802,48.0
2490804,338.0
2491005,25.0
2491010,27.0
2491015,26.0
2491020,27.0
2491025,18.0
2491030,4.0
2491035,4.0
2491042,14.0
2491050,72.0
2491802,40.0
2491902,26.0
2492005,149.0
2492010,32.0
2492015,31.0
2492022,11.0
2492030,10.0
2492040,68.0
2492045,24.0
2492050,31.0
2492055,24.0
2492060,26.0
2492065,29.0
2492070,30.0
2492902,50.0
2492904,47.0
2493005,44.0
2493012,20.0
2493020,14.0
2493025,7.0
2493030,5.0
2493035,6.0
2493042,13.0
2493045,76.0
2493055,35.0
2493060,29.0
2493065,29.0
2493070,14.0
2493075,7.0
2493080,6.0
2493902,
2493904,
2493906,
2493908,5.0
2494068,11.0
2494205,8.0
2494210,20.0
2494215,23.0
2494220,35.0
2494225,19.0
2494230,10.0
2494235,8.0
2494240,5.0
2494245,7.0
2494250,7.0
2494255,27.0
2494260,21.0
2494265,16.0
2494926,
2494928,6.0
2494930,8.0
2495005,29.0
2495010,6.0
2495018,2.0
2495025,10.0
2495032,26.0
2495040,10.0
2495045,15.0
2495050,57.0
2495802,33.0
2495902,
2496005,143.0
2496010,15.0
2496015,11.0
2496020,8.0
2496025,21.0
2496030,16.0
2496035,25.0
2496040,32.0
2496802,40.0
2496902,66.0
2497007,9.0
2497022,8.0
2497035,15.0
2497040,
2497802,18.0
2497804,5.0
2497806,
2497808,
2497810,
2497902,
2497904,13.0
2497906,
2497908,
2497912,
2497914,
2498005,9.0
2498010,575.0
2498012,56.0
2498014,398.0
2498015,548.0
2498020,
2498025,482.0
2498030,103.0
2498035,118.0
2498040,
2498045,2.0
2498050,1.0
2498055,
2498802,
2498804,
2498806,70.0
2498808,484.0
2498904,
2498912,
2499005,2.0
2499010,
2499015,
2499020,
2499025,10.0
2499030,
2499035,
2499040,
2499045,
2499050,
2499055,
2499060,
2499065,
2499070,
2499075,
2499080,
2499085,
2499090,
2499095,333.0
2499100,
2499105,
2499110,
2499115,
2499120,7.0
2499125,
2499130,
2499135,
2499140,
2499802,61.0
2499804,4.0
2499806,4.0
2499808,5.0
2499810,6.0
2499812,6.0
2499814,7.0
2499816,
2499818,8.0
2499877,
2499878,
2499879,
2499883,
2499885,
2499887,
2499888,
2499889,
2499890,
2499891,
2499892,
2499893,
2499894,
2499902,
2499904,
3501005,13.0
3501007,
3501011,6.0
3501012,14.0
3501020,15.0
3501030,10.0
3501042,21.0
3501050,20.0
3502001,24.0
3502008,20.0
3502010,29.0
3502023,34.0
3502025,32.0
3502036,25.0
3502044,7.0
3502048,12.0
3506008,11.0
3507004,7.0
3507006,12.0
3507008,20.0
3507014,8.0
3507015,11.0
3507017,5.0
3507021,24.0
3507024,26.0
3507033,25.0
3507040,45.0
3507042,31.0
3507052,28.0
3507065,27.0
3509001,12.0
3509004,5.0
3509010,3.0
3509015,14.0
3509021,23.0
3509024,36.0
3509028,36.0
3509030,28.0
3509039,31.0
3510005,11.0
3510010,13.0
3510020,26.0
3510035,12.0
3510045,57.0
3511005,21.0
3511015,12.0
3511030,12.0
3511035,51.0
3512001,5.0
3512002,3.0
3512004,3.0
3512005,15.0
3512015,12.0
3512020,12.0
3512026,8.0
3512030,10.0
3512036,22.0
3512046,14.0
3512048,31.0
3512051,35.0
3512054,40.0
3512058,49.0
3512061,23.0
3512065,10.0
3512076,18.0
3513020,27.0
3514004,10.0
3514014,23.0
3514019,7.0
3514020,14.0
3514021,9.0
3514024,15.0
3514027,8.0
3514045,12.0
3515003,39.0
3515005,40.0
3515008,38.0
3515013,41.0
3515014,39.0
3515015,31.0
3515019,41.0
3515023,45.0
3515030,40.0
3515037,37.0
3515044,39.0
3516010,18.0
3518001,6.0
3518005,8.0
3518009,10.0
3518013,11.0
3518017,10.0
3518020,11.0
3518022,30.0
3518029,12.0
3518039,11.0
3519028,15.0
3519036,10.0
3519038,8.0
3519044,13.0
3519046,11.0
3519048,12.0
3519049,12.0
3519054,10.0
3519070,10.0
3519076,13.0
3520005,7.0
3521005,9.0
3521010,11.0
3521024,10.0
3522001,30.0
3522008,23.0
3522010,9.0
3522012,7.0
3522014,14.0
3522016,21.0
3522019,21.0
3522021,11.0
3523001,4.0
3523008,10.0
3523009,10.0
3523017,14.0
3523025,13.0
3523033,9.0
3523043,9.0
3523050,10.0
3524001,11.0
3524002,10.0
3524009,9.0
3524015,8.0
3525005,10.0
3526003,10.0
3526011,5.0
3526014,6.0
3526021,8.0
3526028,7.0
3526032,8.0
3526037,12.0
3526043,7.0
3526047,4.0
3526053,9.0
3526057,14.0
3526065,7.0
3528018,18.0
3528035,9.0
3528037,
3528052,21.0
3529005,6.0
3529006,10.0
3529020,
3529021,12.0
3530004,18.0
3530010,9.0
3530013,9.0
3530016,14.0
3530020,8.0
3530027,11.0
3530035,12.0
3531011,11.0
3531013,6.0
3531016,4.0
3531025,5.0
3531030,11.0
3531040,12.0
3532002,16.0
3532004,9.0
3532012,5.0
3532018,6.0
3532027,4.0
3532038,18.0
3532042,12.0
3532045,9.0
3534005,5.0
3534010,4.0
3534011,6.0
3534020,11.0
3534021,18.0
3534024,18.0
3534030,23.0
3534042,14.0
3536020,11.0
3536029,14.0
3537001,12.0
3537003,10.0
3537013,6.0
3537016,3.0
3537028,3.0
3537034,5.0
3537039,13.0
3537048,15.0
3537064,13.0
3538003,5.0
3538004,
3538007,4.0
3538015,3.0
3538016,5.0
3538018,3.0
3538019,4.0
3538025,6.0
3538030,13.0
3538031,19.0
3538035,14.0
3538040,18.0
3538043,25.0
3538056,46.0
3539002,11.0
3539005,9.0
3539015,6.0
3539017,
3539018,15.0
3539021,
3539027,7.0
3539033,5.0
3539036,11.0
3539041,12.0
3539047,10.0
3539060,15.0
3540005,12.0
3540010,7.0
3540025,7.0
3540028,9.0
3540040,9.0
3540046,5.0
3540050,15.0
3540055,18.0
3540063,17.0
3541004,15.0
3541015,15.0
3541024,10.0
3541032,6.0
3541043,17.0
3541045,7.0
3541055,12.0
3541056,6.0
3541057,11.0
3541060,9.0
3541069,19.0
3542004,10.0
3542005,6.0
3542015,14.0
3542029,16.0
3542037,14.0
3542045,8.0
3542047,13.0
3542053,13.0
3542059,10.0
3543003,14.0
3543005,6.0
3543007,16.0
3543009,11.0
3543014,17.0
3543015,17.0
3543017,18.0
3543019,7.0
3543021,15.0
3543023,9.0
3543031,20.0
3543042,10.0
3543050,7.0
3543052,18.0
3543064,23.0
3543068,11.0
3543069,7.0
3543070,14.0
3543071,7.0
3543072,16.0
3543074,17.0
3544002,9.0
3544018,9.0
3544027,21.0
3544042,24.0
3544053,36.0
3544065,23.0
3544071,
3544073,25.0
3546005,31.0
3546015,16.0
3546018,16.0
3546024,16.0
3547002,12.0
3547003,25.0
3547008,26.0
3547020,29.0
3547030,32.0
3547033,37.0
3547035,37.0
3547037,39.0
3547043,42.0
3547046,41.0
3547048,39.0
3547056,41.0
3547064,26.0
3547070,13.0
3547075,5.0
3547076,29.0
3547090,30.0
3547096,44.0
3547098,43.0
3548001,8.0
3548013,6.0
3548019,4.0
3548021,5.0
3548022,7.0
3548027,5.0
3548031,4.0
3548034,3.0
3548044,11.0
3548055,27.0
3548069,21.0
3548072,39.0
3548073,39.0
3548091,50.0
3548094,29.0
3549003,22.0
3549005,41.0
3549012,27.0
3549014,28.0
3549018,60.0
3549019,46.0
3549022,43.0
3549024,40.0
3549028,40.0
3549031,29.0
3549032,37.0
3549036,43.0
3549039,28.0
3549043,16.0
3549046,8.0
3549048,6.0
3549051,4.0
3549054,6.0
3549056,7.0
3549060,12.0
3549066,27.0
3549071,70.0
3549072,53.0
3549073,77.0
3549075,62.0
3549076,86.0
3549077,13.0
3549078,14.0
3549093,
3549095,25.0
3549096,28.0
3551001,47.0
3551006,11.0
3551011,11.0
3551017,31.0
3551021,45.0
3551026,21.0
3551027,5.0
3551028,8.0
3551034,14.0
3551040,38.0
3551041,36.0
3551042,37.0
3551043,43.0
3551044,86.0
3551045,82.0
3551094,118.0
3551100,36.0
3552001,118.0
3552004,34.0
3552013,5.0
3552023,24.0
3552026,4.0
3552028,27.0
3552031,26.0
3552036,27.0
3552037,12.0
3552051,35.0
3552052,35.0
3552053,44.0
3552054,45.0
3552056,59.0
3552058,
3552092,44.0
3552093,28.0
3553005,18.0
3553040,7.0
3554001,57.0
3554006,49.0
3554008,32.0
3554014,24.0
3554020,10.0
3554021,2.0
3554024,5.0
3554026,3.0
3554029,6.0
3554032,16.0
3554034,13.0
3554036,20.0
3554038,13.0
3554042,21.0
3554044,12.0
3554049,8.0
3554052,8.0
3554054,10.0
3554056,6.0
3554057,5.0
3554058,5.0
3554062,4.0
3554066,12.0
3554068,25.0
3554091,14.0
3554094,38.0
3556014,49.0
3556027,13.0
3556031,18.0
3556033,9.0
3556042,16.0
3556048,17.0
3556052,6.0
3556056,10.0
3556066,10.0
3556070,6.0
3556073,8.0
3556076,13.0
3556077,7.0
3556091,7.0
3556092,
3556093,16.0
3556094,5.0
3556095,3.0
3556096,
3556098,5.0
3556100,
3556102,2.0
3556106,224.0
3557001,9.0
3557004,7.0
3557006,6.0
3557008,4.0
3557011,5.0
3557014,7.0
3557016,8.0
3557019,8.0
3557021,8.0
3557026,8.0
3557028,8.0
3557035,10.0
3557038,11.0
3557039,12.0
3557040,13.0
3557041,13.0
3557051,8.0
3557061,15.0
3557066,4.0
3557071,4.0
3557072,4.0
3557073,9.0
3557074,19.0
3557075,
3557076,89.0
3557077,
3557078,5.0
3557079,13.0
3557091,91.0
3557092,
3557094,8.0
3557095,9.0
3557096,82.0
3558001,14.0
3558003,13.0
3558004,28.0
3558011,84.0
3558012,6.0
3558016,2.0
3558019,2.0
3558028,20.0
3558034,120.0
3558041,74.0
3558044,163.0
3558051,209.0
3558054,200.0
3558059,92.0
3558060,70.0
3558061,40.0
3558062,15.0
3558063,15.0
3558064,15.0
3558065,15.0
3558066,16.0
3558067,20.0
3558068,18.0
3558069,25.0
3558074,30.0
3558075,47.0
3558076,6.0
3558077,
3558080,3.0
3558085,4.0
3558090,80.0
3558092,
3558097,40.0
3558100,
3559001,143.0
3559011,163.0
3559012,181.0
3559016,188.0
3559019,190.0
3559024,193.0
3559026,188.0
3559031,248.0
3559040,194.0
3559042,190.0
3559046,
3559047,224.0
3559051,190.0
3559052,208.0
3559053,207.0
3559060,181.0
3559061,243.0
3559062,
3559063,142.0
3559064,140.0
3559066,139.0
3559068,143.0
3559069,145.0
3559089,153.0
3559090,165.0
3560001,189.0
3560004,1074.0
3560005,1297.0
3560008,730.0
3560010,761.0
3560021,402.0
3560024,413.0
3560027,121.0
3560032,113.0
3560034,117.0
3560042,119.0
3560046,105.0
3560049,105.0
3560050,
3560051,110.0
3560052,92.0
3560053,86.0
3560054,95.0
3560055,102.0
3560056,103.0
3560057,104.0
3560058,113.0
3560059,161.0
3560060,158.0
3560061,158.0
3560063,173.0
3560064,170.0
3560065,183.0
3560066,170.0
3560067,203.0
3560068,188.0
3560069,212.0
3560070,176.0
3560071,170.0
3560075,202.0
3560076,205.0
3560077,
3560078,
3560079,207.0
3560080,208.0
3560081,
3560082,206.0
3560083,209.0
3560084,212.0
3560085,214.0
3560086,323.0
3560088,256.0
3560089,273.0
3560090,
3560091,
3560093,176.0
3560095,184.0
3560096,559.0
3560097,
3560098,995.0
3560100,992.0
3560104,992.0
4601035,32.0
4601039,18.0
4601043,6.0
4601046,37.0
4601051,25.0
4601057,16.0
4601060,94.0
4601070,60.0
4601071,35.0
4601075,32.0
4601078,16.0
4601079,
4601094,85.0
4602024,19.0
4602026,23.0
4602027,25.0
4602032,20.0
4602037,20.0
4602041,15.0
4602044,11.0
4602046,5.0
4602053,14.0
4602057,10.0
4602061,9.0
4602069,18.0
4602075,9.0
4603030,7.0
4603040,8.0
4603041,15.0
4603047,8.0
4603050,8.0
4603053,10.0
4603058,18.0
4603062,4.0
4603065,16.0
4603067,16.0
4603072,10.0
4603074,5.0
4604034,19.0
4604040,13.0
4604052,7.0
4604057,14.0
4604064,7.0
4604068,
4605025,12.0
4605032,9.0
4605038,5.0
4605044,3.0
4605052,2.0
4605056,26.0
4605062,11.0
4605071,14.0
4606016,20.0
4606023,4.0
4606029,5.0
4606031,9.0
4606034,26.0
4606040,28.0
4607039,6.0
4607040,
4607046,16.0
4607052,8.0
4607057,9.0
4607060,8.0
4607062,7.0
4607066,4.0
4607068,10.0
4607071,27.0
4607072,
4607076,13.0
4608032,31.0
4608042,5.0
4608046,15.0
4608055,9.0
4608060,20.0
4608069,15.0
4609018,22.0
4609024,6.0
4609025,4.0
4609026,6.0
4609027,5.0
4609029,13.0
4609030,21.0
4610035,30.0
4610043,19.0
4610052,35.0
4611040,7.0
4611042,10.0
4612047,18.0
4612054,5.0
4612056,19.0
4613032,10.0
4613037,13.0
4613043,8.0
4613047,10.0
4613049,11.0
4613056,18.0
4613062,17.0
4614015,6.0
4614031,9.0
4614036,9.0
4614039,20.0
4614042,37.0
4615020,18.0
4615032,4.0
4615037,23.0
4615042,10.0
4615047,15.0
4615049,10.0
4615056,5.0
4615063,13.0
4615067,4.0
4615070,20.0
4615071,3.0
4615072,10.0
4615074,25.0
4615075,10.0
4615078,14.0
4615092,12.0
4616005,28.0
4616017,4.0
4616020,4.0
4616025,21.0
4616030,20.0
4616046,24.0
4616048,8.0
4617026,18.0
4617029,30.0
4617035,12.0
4617041,6.0
4617048,6.0
4617050,7.0
4617054,27.0
4617058,34.0
4617064,32.0
4617072,21.0
4617075,15.0
4617092,1.0
4618031,33.0
4618034,27.0
4618037,27.0
4618040,13.0
4618044,31.0
4618055,37.0
4618056,20.0
4618060,8.0
4618061,10.0
4618063,13.0
4618067,11.0
4618068,30.0
4618074,22.0
4618076,50.0
4618091,56.0
4618093,
4619040,118.0
4619045,
4619050,168.0
4619051,
4619052,63.0
4619053,70.0
4619054,68.0
4619056,56.0
4619058,57.0
4619059,38.0
4619061,12.0
4619062,10.0
4619065,98.0
4619068,56.0
4619069,34.0
4619070,57.0
4619071,77.0
4619072,50.0
4619075,
4619077,105.0
4619079,
4619082,416.0
4620032,47.0
4620042,15.0
4620048,11.0
4620051,23.0
4620055,39.0
4620060,14.0
4620066,58.0
4620069,31.0
4621025,5.0
4621027,5.0
4621029,6.0
4621033,5.0
4621034,6.0
4621035,7.0
4621036,
4621039,4.0
4621040,3.0
4621043,5.0
4621045,20.0
4621052,3.0
4621058,9.0
4621060,
4621064,75.0
4621071,84.0
4621078,
4621080,9.0
4622017,
4622026,31.0
4622045,5.0
4622046,
4622048,208.0
4622049,200.0
4622050,
4622051,1189.0
4622052,180.0
4622055,198.0
4622056,200.0
4622058,989.0
4622059,174.0
4622063,1490.0
4622064,1490.0
4622065,174.0
4622066,
4622067,195.0
4622800,203.0
4622801,61.0
4622802,207.0
4623022,243.0
4623023,274.0
4623027,223.0
4623034,142.0
4623037,213.0
4623039,
4623040,
4623047,100.0
4623056,143.0
4623058,
4623062,
4623064,
4623065,
4623067,186.0
4623071,
4623800,
4701001,19.0
4701002,41.0
4701004,33.0
4701006,22.0
4701008,32.0
4701011,36.0
4701012,21.0
4701014,31.0
4701016,48.0
4701017,48.0
4701018,42.0
4701019,47.0
4701021,31.0
4701022,43.0
4701024,24.0
4701027,2.0
4701031,3.0
4701032,2.0
4701036,1.0
4701037,4.0
4701039,4.0
4701041,4.0
4701043,4.0
4701044,4.0
4701047,5.0
4701049,8.0
4701053,16.0
4701054,16.0
4701056,26.0
4701058,38.0
4701059,21.0
4701061,35.0
4701063,27.0
4701064,44.0
4701066,44.0
4701067,41.0
4701069,52.0
4701072,56.0
4701076,34.0
4701077,48.0
4701078,43.0
4701079,48.0
4701091,43.0
4701094,49.0
4701096,12.0
4701098,2.0
4701808,24.0
4701809,13.0
4701810,29.0
4701812,27.0
4701813,25.0
4701814,8.0
4701815,
4701816,29.0
4701817,14.0
4701818,
4701819,30.0
4702001,54.0
4702002,39.0
4702006,50.0
4702008,21.0
4702011,33.0
4702014,40.0
4702016,62.0
4702018,50.0
4702023,24.0
4702024,32.0
4702026,15.0
4702028,5.0
4702029,4.0
4702031,5.0
4702033,4.0
4702036,3.0
4702037,2.0
4702038,2.0
4702039,2.0
4702041,3.0
4702042,4.0
4702044,4.0
4702047,22.0
4702048,30.0
4702051,31.0
4702052,41.0
4702054,33.0
4702057,62.0
4702058,59.0
4702061,74.0
4702062,69.0
4702066,78.0
4702067,89.0
4702069,64.0
4702071,58.0
4702072,53.0
4702073,51.0
4702076,39.0
4702077,65.0
4702078,77.0
4702079,55.0
4703001,34.0
4703004,43.0
4703006,30.0
4703009,31.0
4703011,37.0
4703012,28.0
4703016,19.0
4703018,8.0
4703019,2.0
4703022,4.0
4703026,24.0
4703028,20.0
4703029,17.0
4703034,16.0
4703036,4.0
4703038,32.0
4703041,26.0
4703042,53.0
4703044,44.0
4703048,33.0
4703051,64.0
4703052,40.0
4703054,71.0
4703058,78.0
4703059,68.0
4703061,88.0
4703062,60.0
4703064,84.0
4703068,62.0
4703071,55.0
4703074,63.0
4703092,58.0
4703093,59.0
4703096,44.0
4703801,39.0
4704002,4.0
4704003,1.0
4704006,3.0
4704008,5.0
4704009,4.0
4704011,40.0
4704012,31.0
4704019,24.0
4704021,28.0
4704024,34.0
4704026,45.0
4704028,28.0
4704029,19.0
4704034,4.0
4704036,15.0
4704038,45.0
4704045,33.0
4704048,63.0
4704050,83.0
4704054,35.0
4704058,29.0
4704061,86.0
4704802,40.0
4705001,46.0
4705002,34.0
4705004,30.0
4705007,28.0
4705009,29.0
4705011,32.0
4705014,28.0
4705016,24.0
4705018,23.0
4705019,21.0
4705021,18.0
4705024,27.0
4705027,22.0
4705028,26.0
4705029,34.0
4705031,24.0
4705033,42.0
4705034,28.0
4705037,11.0
4705038,25.0
4705041,25.0
4705042,24.0
4705043,17.0
4705044,36.0
4705047,34.0
4705048,21.0
4705049,29.0
4705050,12.0
4705051,2.0
4705052,20.0
4705053,19.0
4705054,21.0
4705055,21.0
4705056,25.0
4705057,19.0
4705058,28.0
4705059,27.0
4705060,25.0
4705061,32.0
4705062,30.0
4705063,32.0
4705064,20.0
4705066,32.0
4705067,52.0
4705068,36.0
4705069,32.0
4705071,14.0
4705073,20.0
4705074,9.0
4705077,20.0
4705078,12.0
4705079,1.0
4705093,13.0
4705094,20.0
4705096,2.0
4705803,3.0
4705804,22.0
4705805,22.0
4705806,23.0
4705807,23.0
4705808,4.0
4705814,4.0
4705815,
4705818,
4705823,
4705824,
4705828,
4706001,6.0
4706002,5.0
4706003,5.0
4706004,5.0
4706006,6.0
4706007,4.0
4706008,4.0
4706009,4.0
4706011,4.0
4706013,3.0
4706014,3.0
4706016,3.0
4706017,4.0
4706018,4.0
4706019,4.0
4706021,6.0
4706022,4.0
4706023,5.0
4706026,6.0
4706027,15.0
4706028,10.0
4706029,4.0
4706030,3.0
4706031,6.0
4706032,16.0
4706033,10.0
4706034,10.0
4706036,11.0
4706037,10.0
4706038,8.0
4706039,11.0
4706041,39.0
4706042,17.0
4706045,9.0
4706046,13.0
4706047,18.0
4706048,36.0
4706049,28.0
4706050,22.0
4706051,40.0
4706052,41.0
4706053,29.0
4706054,21.0
4706055,20.0
4706056,14.0
4706057,11.0
4706058,11.0
4706059,11.0
4706060,10.0
4706061,9.0
4706062,11.0
4706063,10.0
4706064,11.0
4706065,14.0
4706067,15.0
4706068,12.0
4706069,15.0
4706070,10.0
4706071,9.0
4706072,7.0
4706073,8.0
4706074,9.0
4706075,8.0
4706076,7.0
4706077,8.0
4706078,9.0
4706079,9.0
4706080,9.0
4706081,9.0
4706082,9.0
4706085,9.0
4706091,9.0
4706092,8.0
4706093,10.0
4706094,10.0
4706096,10.0
4706097,4.0
4706098,4.0
4706099,5.0
4706809,5.0
4706810,11.0
4706811,12.0
4706812,11.0
4706813,11.0
4706814,13.0
4706815,10.0
4706816,10.0
4706818,11.0
4706820,6.0
4706828,
4706829,2.0
4706830,
4706831,
4707001,55.0
4707004,37.0
4707006,40.0
4707008,88.0
4707011,72.0
4707012,46.0
4707014,53.0
4707016,53.0
4707018,55.0
4707020,48.0
4707021,31.0
4707022,31.0
4707023,24.0
4707024,15.0
4707026,8.0
4707027,7.0
4707028,7.0
4707029,9.0
4707031,7.0
4707032,8.0
4707034,8.0
4707036,9.0
4707037,9.0
4707038,10.0
4707039,15.0
4707042,12.0
4707043,32.0
4707044,41.0
4707045,76.0
4707047,69.0
4707048,62.0
4707049,48.0
4707051,57.0
4707053,56.0
4707054,41.0
4707058,28.0
4707059,21.0
4707062,16.0
4707063,12.0
4707066,2.0
4707067,4.0
4707068,36.0
4707071,28.0
4707072,22.0
4707074,31.0
4707076,28.0
4707077,18.0
4707091,15.0
4707092,6.0
4707093,6.0
4708001,40.0
4708004,36.0
4708006,31.0
4708008,12.0
4708009,12.0
4708011,10.0
4708012,9.0
4708016,9.0
4708018,8.0
4708021,9.0
4708022,6.0
4708024,6.0
4708026,6.0
4708028,5.0
4708029,6.0
4708031,6.0
4708032,7.0
4708034,6.0
4708036,6.0
4708038,5.0
4708039,7.0
4708042,6.0
4708044,7.0
4708046,6.0
4708048,7.0
4708049,8.0
4708053,8.0
4708054,16.0
4708056,28.0
4708057,22.0
4708058,33.0
4708059,48.0
4708061,33.0
4708062,55.0
4708065,31.0
4708068,27.0
4708071,7.0
4708074,2.0
4708076,20.0
4708092,11.0
4708094,6.0
4709001,24.0
4709002,21.0
4709006,3.0
4709009,5.0
4709011,14.0
4709012,21.0
4709014,34.0
4709016,26.0
4709019,25.0
4709023,22.0
4709024,29.0
4709028,27.0
4709029,26.0
4709032,7.0
4709033,6.0
4709037,6.0
4709038,5.0
4709039,3.0
4709042,3.0
4709044,3.0
4709046,4.0
4709049,5.0
4709053,4.0
4709054,5.0
4709056,5.0
4709058,7.0
4709060,7.0
4709061,8.0
4709062,16.0
4709064,21.0
4709065,37.0
4709066,45.0
4709067,30.0
4709069,35.0
4709071,31.0
4709072,33.0
4709075,39.0
4709076,17.0
4709819,3.0
4709820,4.0
4709821,3.0
4709822,7.0
4709824,
4709826,6.0
4709828,
4709830,
4709832,23.0
4710002,31.0
4710003,32.0
4710004,35.0
4710008,9.0
4710009,1.0
4710011,5.0
4710014,11.0
4710022,12.0
4710024,15.0
4710027,15.0
4710028,22.0
4710029,35.0
4710031,30.0
4710034,23.0
4710035,26.0
4710036,34.0
4710038,45.0
4710041,47.0
4710043,60.0
4710046,48.0
4710047,48.0
4710052,45.0
4710054,40.0
4710056,41.0
4710058,42.0
4710061,49.0
4710062,46.0
4710064,46.0
4710066,47.0
4710068,50.0
4710071,55.0
4710072,69.0
4710801,
4710822,66.0
4710823,48.0
4710824,56.0
4710825,18.0
4710826,36.0
4710828,
4710832,
4710834,
4710836,
4710838,
4710840,30.0
4710842,
4710843,38.0
4710845,
4710846,
4710847,
4710848,
4710849,
4710850,
4710851,
4710852,
4711002,10.0
4711003,10.0
4711004,9.0
4711006,9.0
4711007,9.0
4711008,9.0
4711009,8.0
4711011,9.0
4711014,8.0
4711016,8.0
4711018,7.0
4711019,6.0
4711021,8.0
4711022,6.0
4711024,5.0
4711026,6.0
4711027,5.0
4711028,3.0
4711029,3.0
4711031,3.0
4711032,3.0
4711034,3.0
4711036,2.0
4711038,2.0
4711039,1.0
4711041,1.0
4711042,2.0
4711044,3.0
4711046,2.0
4711048,3.0
4711049,3.0
4711052,4.0
4711053,4.0
4711054,7.0
4711056,6.0
4711058,5.0
4711059,5.0
4711060,5.0
4711061,4.0
4711063,4.0
4711064,4.0
4711065,5.0
4711066,12.0
4711067,14.0
4711068,18.0
4711069,23.0
4711070,17.0
4711071,9.0
4711072,9.0
4711073,8.0
4711075,8.0
4711076,9.0
4711077,10.0
4711078,10.0
4711079,10.0
4711091,11.0
4711092,10.0
4711094,11.0
4711096,10.0
4711828,11.0
4712001,22.0
4712004,18.0
4712006,13.0
4712008,6.0
4712011,6.0
4712012,4.0
4712014,5.0
4712016,9.0
4712019,22.0
4712020,40.0
4712022,31.0
4712026,33.0
4712029,37.0
4712031,7.0
4712032,4.0
4712034,6.0
4712038,5.0
4712042,21.0
4712046,14.0
4712050,3.0
4712051,4.0
4712052,5.0
4712054,23.0
4712056,26.0
4712058,28.0
4712059,24.0
4712064,59.0
4712069,31.0
4712072,30.0
4712078,28.0
4712079,23.0
4712829,23.0
4712830,34.0
4712832,40.0
4712833,41.0
4712837,25.0
4712870,
4713002,40.0
4713004,42.0
4713006,31.0
4713008,32.0
4713009,32.0
4713011,22.0
4713014,35.0
4713016,28.0
4713019,14.0
4713021,3.0
4713022,3.0
4713024,15.0
4713026,19.0
4713028,23.0
4713029,33.0
4713031,33.0
4713032,25.0
4713038,19.0
4713039,44.0
4713041,39.0
4713042,12.0
4713044,3.0
4713046,4.0
4713049,5.0
4713051,37.0
4713053,28.0
4713054,19.0
4713056,19.0
4713059,11.0
4713062,21.0
4713064,4.0
4713067,2.0
4713068,3.0
4713069,4.0
4713072,5.0
4713074,12.0
4713076,25.0
4713078,38.0
4713079,26.0
4713091,38.0
4713092,34.0
4713094,35.0
4713096,33.0
4713098,30.0
4713835,30.0
4713836,49.0
4714001,43.0
4714004,47.0
4714006,10.0
4714007,4.0
4714009,3.0
4714021,3.0
4714022,9.0
4714023,8.0
4714024,24.0
4714025,26.0
4714026,27.0
4714028,21.0
4714030,25.0
4714032,23.0
4714034,34.0
4714035,55.0
4714036,36.0
4714038,31.0
4714039,29.0
4714041,55.0
4714043,58.0
4714044,41.0
4714047,5.0
4714048,43.0
4714049,67.0
4714051,20.0
4714053,4.0
4714056,12.0
4714058,3.0
4714059,2.0
4714061,2.0
4714062,12.0
4714067,19.0
4714068,14.0
4714069,5.0
4714072,5.0
4714073,2.0
4714074,2.0
4714076,24.0
4714077,24.0
4714079,4.0
4714091,2.0
4714092,34.0
4714093,36.0
4714839,34.0
4714840,37.0
4714841,21.0
4714842,24.0
4714843,37.0
4714845,16.0
4714846,
4715001,46.0
4715002,49.0
4715003,20.0
4715004,21.0
4715005,16.0
4715006,11.0
4715007,9.0
4715008,4.0
4715011,3.0
4715012,3.0
4715014,3.0
4715016,4.0
4715017,4.0
4715018,4.0
4715019,3.0
4715026,7.0
4715027,15.0
4715028,8.0
4715029,6.0
4715031,5.0
4715032,7.0
4715034,8.0
4715036,8.0
4715038,8.0
4715039,8.0
4715041,9.0
4715042,8.0
4715043,7.0
4715044,6.0
4715045,9.0
4715046,9.0
4715047,9.0
4715048,8.0
4715049,8.0
4715051,8.0
4715052,7.0
4715054,6.0
4715057,4.0
4715059,5.0
4715061,8.0
4715062,11.0
4715064,16.0
4715066,25.0
4715067,19.0
4715068,15.0
4715070,25.0
4715071,18.0
4715072,22.0
4715074,25.0
4715075,30.0
4715076,26.0
4715079,2.0
4715085,5.0
4715091,3.0
4715092,33.0
4715094,35.0
4715098,60.0
4715099,35.0
4715820,34.0
4715844,10.0
4715845,31.0
4715847,46.0
4715848,43.0
4715849,32.0
4715850,27.0
4715851,14.0
4715853,7.0
4715857,
4715859,24.0
4715860,
4715861,
4715862,16.0
4716002,83.0
4716003,58.0
4716004,84.0
4716005,35.0
4716008,51.0
4716009,57.0
4716011,83.0
4716013,75.0
4716014,66.0
4716016,69.0
4716018,66.0
4716019,83.0
4716022,84.0
4716023,90.0
4716024,95.0
4716026,98.0
4716027,82.0
4716028,71.0
4716029,48.0
4716033,50.0
4716038,47.0
4716041,40.0
4716042,43.0
4716043,30.0
4716044,17.0
4716046,31.0
4716047,19.0
4716051,2.0
4716052,2.0
4716053,2.0
4716054,3.0
4716056,4.0
4716057,11.0
4716058,5.0
4716059,7.0
4716060,6.0
4716061,58.0
4716062,58.0
4716063,70.0
4716072,82.0
4716075,86.0
4716077,48.0
4716840,33.0
4716854,4.0
4716855,4.0
4716856,16.0
4716857,
4716858,58.0
4716859,
4716860,88.0
4716861,92.0
4716862,93.0
4716863,91.0
4716870,
4716872,
4716880,73.0
4716882,33.0
4716886,
4716888,
4716891,
4716894,
4717001,34.0
4717002,58.0
4717004,56.0
4717005,27.0
4717006,55.0
4717008,37.0
4717011,40.0
4717013,52.0
4717014,60.0
4717017,60.0
4717018,49.0
4717019,90.0
4717022,9.0
4717024,2.0
4717026,26.0
4717028,32.0
4717029,46.0
4717032,28.0
4717034,69.0
4717036,54.0
4717039,44.0
4717041,33.0
4717042,46.0
4717045,30.0
4717047,5.0
4717048,3.0
4717052,3.0
4717053,4.0
4717054,6.0
4717055,14.0
4717056,21.0
4717057,10.0
4717058,2.0
4717062,12.0
4717066,20.0
4717067,9.0
4717801,13.0
4717802,37.0
4717803,40.0
4717804,45.0
4717805,45.0
4717806,30.0
4717807,27.0
4717808,32.0
4717809,5.0
4717810,41.0
4717811,4.0
4717812,3.0
4717813,17.0
4717815,86.0
4717816,19.0
4717817,
4717819,20.0
4717830,
4717831,
4717832,
4718005,562.0
4718012,553.0
4718015,73.0
4718021,543.0
4718023,9.0
4718028,11.0
4718030,7.0
4718033,85.0
4718041,79.0
4718042,26.0
4718049,5.0
4718051,40.0
4718052,98.0
4718055,21.0
4718058,138.0
4718065,131.0
4718067,108.0
4718069,25.0
4718070,
4718071,48.0
4718072,13.0
4718074,23.0
4718075,79.0
4718089,80.0
4718090,
4718100,96.0
4718801,97.0
4718802,86.0
4718803,86.0
4718806,520.0
4718807,73.0
4718808,74.0
4718809,74.0
4718811,73.0
4718812,73.0
4718813,
4718814,141.0
4718815,141.0
4718817,141.0
4718818,140.0
4718819,140.0
4718820,140.0
4718821,
4718822,140.0
4718823,
4718824,139.0
4718825,139.0
4718826,139.0
4718827,65.0
4718828,3.0
4718829,5.0
4718831,130.0
4718832,166.0
4718839,167.0
4718844,
4718849,
4718852,150.0
4718854,
4718855,85.0
4718860,
4801003,13.0
4801006,12.0
4801008,9.0
4801009,9.0
4801014,42.0
4801018,15.0
4802001,7.0
4802002,8.0
4802004,9.0
4802006,9.0
4802008,9.0
4802009,12.0
4802011,7.0
4802012,12.0
4802013,5.0
4802014,7.0
4802016,3.0
4802018,5.0
4802019,11.0
4802021,22.0
4802022,11.0
4802023,11.0
4802029,11.0
4802031,30.0
4802034,9.0
4802036,13.0
4802038,11.0
4802039,34.0
4803001,21.0
4803002,5.0
4803003,13.0
4803004,25.0
4803006,30.0
4803008,35.0
4803011,25.0
4803014,5.0
4803016,6.0
4803018,20.0
4803019,20.0
4803022,14.0
4803024,2.0
4803026,3.0
4803801,23.0
4803802,26.0
4803803,
4803805,29.0
4804001,13.0
4804004,24.0
4804006,20.0
4804011,22.0
4804012,10.0
4804014,42.0
4804019,69.0
4804020,26.0
4804021,28.0
4804022,3.0
4805001,10.0
4805002,6.0
4805004,21.0
4805006,23.0
4805008,18.0
4805009,29.0
4805011,22.0
4805012,13.0
4805018,22.0
4805019,2.0
4805021,3.0
4805022,3.0
4805026,30.0
4805031,38.0
4805034,32.0
4805036,5.0
4805038,3.0
4805041,20.0
4805042,19.0
4805044,28.0
4805046,15.0
4805048,28.0
4805049,19.0
4805802,10.0
4806001,13.0
4806006,8.0
4806008,6.0
4806009,7.0
4806011,5.0
4806012,9.0
4806014,11.0
4806016,13.0
4806017,13.0
4806019,22.0
4806021,20.0
4806022,27.0
4806024,27.0
4806026,13.0
4806028,11.0
4806029,11.0
4806031,14.0
4806032,6.0
4806034,12.0
4806036,15.0
4806803,
4806804,
4807001,6.0
4807002,9.0
4807004,12.0
4807006,11.0
4807008,20.0
4807011,17.0
4807012,12.0
4807014,3.0
4807016,3.0
4807019,17.0
4807021,2.0
4807026,16.0
4807027,3.0
4807028,14.0
4807029,16.0
4807031,12.0
4807032,4.0
4807036,4.0
4807038,4.0
4807039,16.0
4807042,26.0
4807044,23.0
4807046,14.0
4807048,39.0
4807049,19.0
4807051,16.0
4807052,22.0
4807054,22.0
4807056,28.0
4808001,6.0
4808002,9.0
4808004,12.0
4808005,11.0
4808006,10.0
4808008,5.0
4808009,4.0
4808011,13.0
4808012,17.0
4808013,33.0
4808022,16.0
4808023,11.0
4808024,9.0
4808025,6.0
4808026,8.0
4808027,10.0
4808028,10.0
4808029,9.0
4808031,10.0
4808032,14.0
4808034,11.0
4808038,16.0
4808039,11.0
4808042,6.0
4808044,7.0
4808811,8.0
4808812,10.0
4808813,13.0
4809002,23.0
4809005,4.0
4809010,5.0
4809015,26.0
4809806,50.0
4809809,67.0
4809810,
4810001,12.0
4810002,4.0
4810003,4.0
4810006,2.0
4810009,3.0
4810011,8.0
4810012,37.0
4810014,36.0
4810016,20.0
4810018,9.0
4810019,4.0
4810021,3.0
4810022,1.0
4810026,11.0
4810028,18.0
4810031,25.0
4810034,24.0
4810036,14.0
4810038,8.0
4810039,10.0
4810041,25.0
4810042,16.0
4810044,18.0
4810048,17.0
4810051,35.0
4810052,43.0
4810058,17.0
4810059,5.0
4810061,3.0
4810062,17.0
4810064,11.0
4810066,18.0
4810068,
4810805,10.0
4811001,10.0
4811002,8.0
4811003,7.0
4811004,7.0
4811005,8.0
4811006,7.0
4811007,6.0
4811008,6.0
4811009,6.0
4811011,5.0
4811012,7.0
4811013,7.0
4811016,4.0
4811018,6.0
4811019,9.0
4811020,8.0
4811021,7.0
4811022,10.0
4811023,10.0
4811024,11.0
4811026,11.0
4811031,10.0
4811032,10.0
4811034,14.0
4811038,13.0
4811039,12.0
4811041,11.0
4811042,10.0
4811044,11.0
4811046,10.0
4811048,10.0
4811049,9.0
4811052,9.0
4811056,12.0
4811059,10.0
4811061,11.0
4811062,12.0
4811064,11.0
4811065,10.0
4811066,7.0
4811068,6.0
4811069,7.0
4811801,7.0
4811802,7.0
4811803,8.0
4811804,11.0
4811805,7.0
4811806,24.0
4811807,16.0
4812002,15.0
4812004,13.0
4812009,11.0
4812011,5.0
4812012,6.0
4812013,8.0
4812014,28.0
4812016,6.0
4812018,6.0
4812020,3.0
4812022,27.0
4812024,21.0
4812026,23.0
4812029,30.0
4812037,25.0
4812038,19.0
4812802,12.0
4812804,14.0
4812806,
4812808,45.0
4812810,5.0
4812811,3.0
4812813,3.0
4812815,7.0
4812828,7.0
4812840,11.0
4813001,22.0
4813002,35.0
4813003,25.0
4813005,25.0
4813006,14.0
4813007,31.0
4813008,11.0
4813009,5.0
4813010,4.0
4813011,2.0
4813012,2.0
4813013,3.0
4813014,3.0
4813015,4.0
4813016,11.0
4813017,12.0
4813018,6.0
4813019,21.0
4813028,29.0
4813029,35.0
4813030,21.0
4813031,5.0
4813032,7.0
4813033,7.0
4813036,17.0
4813044,22.0
4813045,37.0
4813046,22.0
4813047,22.0
4813048,18.0
4813049,13.0
4813051,41.0
4813053,40.0
4813055,31.0
4813057,24.0
4813061,39.0
4813811,22.0
4813829,26.0
4813830,
4814003,13.0
4814019,12.0
4814024,33.0
4814028,
4815007,18.0
4815013,5.0
4815015,3.0
4815023,8.0
4815027,23.0
4815030,38.0
4815032,25.0
4815033,31.0
4815035,11.0
4815037,
4815045,8.0
4815802,
4815815,
4816037,
4816051,15.0
4816810,16.0
4816817,109.0
4816821,116.0
4816822,115.0
4816849,
4816850,282.0
4816852,284.0
4816860,
4816861,
4817021,25.0
4817024,4.0
4817026,52.0
4817027,37.0
4817029,67.0
4817031,
4817033,58.0
4817039,26.0
4817062,16.0
4817064,101.0
4817076,
4817078,4.0
4817093,3.0
4817095,
4817097,61.0
4817817,59.0
4817818,68.0
4817819,80.0
4817821,3.0
4817822,3.0
4817823,3.0
4817824,3.0
4817825,
4817826,32.0
4817827,36.0
4817828,28.0
4817829,5.0
4817830,2.0
4817831,102.0
4817832,267.0
4817833,31.0
4817834,
4817835,34.0
4817836,63.0
4817837,92.0
4817838,46.0
4817840,27.0
4817841,105.0
4817842,115.0
4817843,3.0
4817845,38.0
4817848,47.0
4817849,109.0
4817850,242.0
4817853,44.0
4817854,
4817855,306.0
4817856,51.0
4817857,
4817859,99.0
4817860,167.0
4817865,164.0
4818002,50.0
4818015,36.0
4818018,2.0
4818816,3.0
4818818,5.0
4819006,19.0
4819008,4.0
4819009,4.0
4819011,5.0
4819012,10.0
4819014,3.0
4819038,6.0
4819041,6.0
4819042,5.0
4819044,6.0
4819046,7.0
4819048,6.0
4819049,9.0
4819054,11.0
4819056,10.0
4819058,9.0
4819059,13.0
4819066,14.0
4819068,14.0
4819071,13.0
4819072,10.0
4819074,13.0
4819815,14.0
4819826,18.0
5901003,9.0
5901006,32.0
5901012,20.0
5901017,27.0
5901019,30.0
5901022,11.0
5901028,30.0
5901035,13.0
5901037,26.0
5901039,45.0
5901040,47.0
5901043,50.0
5901046,34.0
5901048,49.0
5901801,6.0
5901802,
5901803,9.0
5901804,53.0
5901805,8.0
5901806,93.0
5901808,10.0
5903004,33.0
5903010,64.0
5903011,13.0
5903013,4.0
5903015,10.0
5903017,29.0
5903019,64.0
5903023,38.0
5903027,26.0
5903032,29.0
5903039,29.0
5903041,36.0
5903043,25.0
5903045,59.0
5903047,79.0
5903050,74.0
5903052,64.0
5903056,29.0
5903058,81.0
5903060,76.0
5903807,128.0
5905005,61.0
5905009,8.0
5905014,9.0
5905018,31.0
5905023,12.0
5905026,7.0
5905030,6.0
5905032,4.0
5905037,24.0
5905042,11.0
5905050,11.0
5905052,23.0
5905054,43.0
5907005,25.0
5907009,69.0
5907014,39.0
5907022,35.0
5907024,6.0
5907026,6.0
5907028,18.0
5907035,20.0
5907041,7.0
5907047,19.0
5907048,10.0
5907049,21.0
5907051,26.0
5907053,15.0
5907055,15.0
5907801,30.0
5907802,17.0
5907803,16.0
5907805,12.0
5907806,19.0
5907807,20.0
5907808,26.0
5907809,33.0
5907850,87.0
5909009,7.0
5909014,5.0
5909016,4.0
5909020,23.0
5909027,7.0
5909032,7.0
5909034,7.0
5909035,5.0
5909036,8.0
5909048,8.0
5909052,14.0
5909056,13.0
5909060,
5909062,8.0
5909804,10.0
5909805,
5909806,12.0
5909807,11.0
5909808,13.0
5909809,
5909810,14.0
5909812,13.0
5909814,12.0
5909815,
5909816,8.0
5909817,14.0
5909818,15.0
5909819,16.0
5909821,15.0
5909824,16.0
5909825,
5909826,15.0
5909827,15.0
5909830,4.0
5909831,11.0
5909832,11.0
5909833,9.0
5909834,13.0
5909835,16.0
5909836,
5909837,12.0
5909838,17.0
5909839,15.0
5909841,11.0
5909842,12.0
5909843,
5909844,
5909845,7.0
5909847,6.0
5909848,
5909850,
5909851,9.0
5909852,
5909856,8.0
5909875,11.0
5909876,12.0
5909877,12.0
5909878,11.0
5909879,10.0
5909880,17.0
5909881,7.0
5909882,7.0
5909883,7.0
5909884,22.0
5909885,12.0
5915001,8.0
5915002,8.0
5915004,7.0
5915007,6.0
5915011,8.0
5915015,8.0
5915020,8.0
5915022,9.0
5915025,8.0
5915029,9.0
5915034,9.0
5915036,11.0
5915038,12.0
5915039,11.0
5915043,13.0
5915046,9.0
5915051,7.0
5915055,5.0
5915062,4.0
5915065,7.0
5915070,14.0
5915075,11.0
5915801,13.0
5915802,10.0
5915803,11.0
5915804,
5915805,8.0
5915806,6.0
5915807,9.0
5915808,15.0
5915809,
5915810,13.0
5915811,15.0
5915813,12.0
5915816,10.0
5915825,12.0
5915830,17.0
5915840,12.0
5917005,9.0
5917010,9.0
5917015,7.0
5917021,7.0
5917027,7.0
5917029,7.0
5917030,8.0
5917034,10.0
5917040,29.0
5917041,29.0
5917042,44.0
5917044,7.0
5917047,8.0
5917049,11.0
5917052,10.0
5917054,21.0
5917056,16.0
5917801,17.0
5917802,13.0
5917803,15.0
5917804,6.0
5917805,
5917809,5.0
5917811,5.0
5917812,7.0
5917815,7.0
5917819,9.0
5919008,28.0
5919012,19.0
5919013,9.0
5919015,7.0
5919016,6.0
5919017,2.0
5919021,5.0
5919033,12.0
5919035,17.0
5919043,16.0
5919046,18.0
5919049,23.0
5919051,25.0
5919801,34.0
5919802,29.0
5919803,65.0
5919804,54.0
5919808,
5919809,52.0
5919811,
5919812,14.0
5919813,38.0
5919814,17.0
5919815,20.0
5919816,17.0
5919817,
5919818,10.0
5919820,7.0
5919821,4.0
5919822,3.0
5921007,20.0
5921008,11.0
5921010,11.0
5921014,6.0
5921016,4.0
5921018,8.0
5921023,11.0
5921030,18.0
5921032,34.0
5921034,31.0
5921036,10.0
5921804,34.0
5921805,17.0
5921806,34.0
5921807,37.0
5923008,54.0
5923019,71.0
5923025,64.0
5923033,65.0
5923035,65.0
5923037,66.0
5923039,68.0
5923047,72.0
5923049,70.0
5923801,69.0
5923802,
5923803,69.0
5923804,
5923805,72.0
5923806,
5923807,66.0
5923808,67.0
5923809,
5923810,167.0
5923813,199.0
5923814,
5923816,101.0
5923822,77.0
5923823,4.0
5923824,
5923825,157.0
5924025,99.0
5924029,72.0
5924030,72.0
5924034,20.0
5924039,24.0
5924042,64.0
5924048,16.0
5924052,25.0
5924054,
5924803,
5924804,60.0
5924805,
5924806,
5924812,
5924813,
5924814,
5924817,35.0
5924818,
5924820,35.0
5924833,13.0
5924835,14.0
5924836,16.0
5924840,19.0
5924843,
5926005,11.0
5926010,14.0
5926014,9.0
5926021,6.0
5926022,13.0
5926024,10.0
5926801,48.0
5926802,5.0
5927008,9.0
5927010,
5927012,20.0
5927016,22.0
5927018,28.0
5927020,
5927802,17.0
5927806,19.0
5929005,62.0
5929011,45.0
5929018,
5929022,
5929024,5.0
5929026,8.0
5929028,16.0
5929801,
5929803,
5931006,36.0
5931012,64.0
5931017,36.0
5931020,10.0
5931021,4.0
5931026,14.0
5931032,10.0
5931034,8.0
5931801,6.0
5931802,11.0
5931806,7.0
5931807,4.0
5931808,5.0
5931809,5.0
5931812,4.0
5931813,1.0
5931814,3.0
5931815,4.0
5931816,3.0
5931817,3.0
5931818,14.0
5931819,
5931820,11.0
5931821,10.0
5931822,
5931823,8.0
5931824,
5931825,37.0
5931826,32.0
5931827,11.0
5931828,100.0
5931829,21.0
5931831,77.0
5931832,50.0
5931833,32.0
5931834,
5931842,23.0
5931843,35.0
5931844,12.0
5933006,6.0
5933008,5.0
5933012,6.0
5933015,7.0
5933019,7.0
5933024,7.0
5933028,8.0
5933032,10.0
5933035,10.0
5933037,12.0
5933039,16.0
5933042,25.0
5933044,4.0
5933045,84.0
5933054,26.0
5933060,53.0
5933067,52.0
5933068,
5933070,75.0
5933072,65.0
5933074,63.0
5933801,73.0
5933802,77.0
5933803,
5933805,33.0
5933806,32.0
5933807,65.0
5933808,61.0
5933809,65.0
5933810,
5933811,40.0
5933812,50.0
5933813,63.0
5933814,43.0
5933817,43.0
5933819,
5933821,10.0
5933823,7.0
5933824,
5933825,23.0
5933828,
5933829,
5933831,33.0
5933832,20.0
5933833,47.0
5933834,
5933836,80.0
5933837,
5933839,
5933840,12.0
5933841,9.0
5933842,
5933844,13.0
5933845,40.0
5933846,
5933848,54.0
5933849,35.0
5933850,6.0
5933851,7.0
5933852,6.0
5933853,6.0
5933854,
5933855,73.0
5933857,
5933858,41.0
5933859,51.0
5933861,
5933865,79.0
5933866,10.0
5933868,8.0
5933870,8.0
5933872,4.0
5933873,3.0
5933874,
5933875,12.0
5933876,12.0
5933877,14.0
5933878,15.0
5933879,18.0
5933880,13.0
5933881,
5933882,
5933884,4.0
5933886,
5933887,8.0
5933888,10.0
5933889,
5933892,114.0
5933893,
5933895,
5933896,30.0
5933897,
5933898,55.0
5933899,55.0
5935010,12.0
5935012,15.0
5935016,25.0
5935018,17.0
5935020,14.0
5935029,19.0
5935801,11.0
5935802,12.0
5935803,30.0
5937005,21.0
5937010,21.0
5937014,9.0
5937017,62.0
5937021,21.0
5937022,11.0
5937023,32.0
5937024,4.0
5937028,11.0
5937033,12.0
5937041,14.0
5937801,19.0
5937802,12.0
5937803,11.0
5937805,
5939007,44.0
5939011,33.0
5939019,11.0
5939023,6.0
5939032,16.0
5939037,43.0
5939039,8.0
5939043,3.0
5939044,18.0
5939045,6.0
5939801,3.0
5939802,4.0
5939803,5.0
5939804,8.0
5939805,29.0
5939806,
5939807,86.0
5939808,23.0
5939811,11.0
5941005,125.0
5941009,45.0
5941010,11.0
5941012,11.0
5941013,36.0
5941014,
5941015,3.0
5941016,6.0
5941017,14.0
5941019,51.0
5941021,29.0
5941025,106.0
5941026,65.0
5941027,38.0
5941039,8.0
5941041,2.0
5941801,6.0
5941802,
5941803,
5941804,
5941805,16.0
5941806,32.0
5941807,37.0
5941808,
5941809,40.0
5941810,41.0
5941811,43.0
5941812,12.0
5941813,
5941817,36.0
5941818,
5941821,34.0
5941827,
5941828,
5941829,
5941831,
5941833,130.0
5941835,
5941837,158.0
5941838,158.0
5941839,165.0
5941840,162.0
5941841,169.0
5941844,
5941845,156.0
5941848,
5941849,
5941850,230.0
5941851,230.0
5941852,
5941854,
5941855,225.0
5941856,
5941861,
5941862,
5941864,
5941866,330.0
5941868,
5941871,238.0
5941872,
5941873,100.0
5941876,
5941879,105.0
5941880,30.0
5941881,
5941882,
5941883,25.0
5941884,
5941885,10.0
5941886,8.0
5943008,174.0
5943012,14.0
5943017,6.0
5943023,3.0
5943027,46.0
5943031,494.0
5943033,1519.0
5943037,
5943804,48.0
5943806,93.0
5943807,53.0
5943808,6.0
5943809,
5943813,
5943815,8.0
5943816,7.0
5943817,
5943826,
5943835,
5943836,
5943837,13.0
5945006,590.0
5945010,583.0
5945012,175.0
5945014,
5945801,8.0
5945802,10.0
5945803,
5947007,5.0
5947012,31.0
5947016,6.0
5947021,6.0
5947023,8.0
5947026,6.0
5947027,5.0
5947030,7.0
5947032,
5947802,186.0
5947803,36.0
5947804,30.0
5947806,51.0
5947807,
5947809,534.0
5947810,
5947823,68.0
5949005,103.0
5949011,6.0
5949013,20.0
5949018,35.0
5949020,
5949022,1.0
5949024,8.0
5949028,20.0
5949032,
5949035,299.0
5949038,6.0
5949039,7.0
5949041,
5949802,8.0
5949803,8.0
5949804,8.0
5949805,
5949807,6.0
5949810,4.0
5949811,4.0
5949812,4.0
5949813,5.0
5949814,3.0
5949815,7.0
5949816,1.0
5949817,205.0
5949818,133.0
5949819,28.0
5949820,13.0
5949832,4.0
5949843,2.0
5949844,323.0
5949845,314.0
5949846,
5949847,286.0
5951007,41.0
5951009,3.0
5951013,5.0
5951015,14.0
5951017,40.0
5951019,42.0
5951022,49.0
5951028,15.0
5951031,
5951032,2.0
5951034,22.0
5951038,41.0
5951043,43.0
5951051,56.0
5951053,
5951801,27.0
5951802,27.0
5951803,21.0
5951804,25.0
5951805,20.0
5951806,16.0
5951807,106.0
5951809,6.0
5951810,4.0
5951811,7.0
5951813,11.0
5951814,2.0
5951815,1.0
5951818,178.0
5951819,
5951820,19.0
5951821,17.0
5951822,
5951823,9.0
5951824,
5951825,
5951826,
5951827,66.0
5951828,6.0
5951829,5.0
5951830,324.0
5951831,
5951832,
5951833,
5951840,143.0
5951844,
5951845,
5951846,
5951847,
5951848,9.0
5951849,
5953007,18.0
5953012,17.0
5953019,14.0
5953023,10.0
5953033,28.0
5953038,12.0
5953042,6.0
5953044,41.0
5953046,3.0
5953048,61.0
5953050,59.0
5953801,19.0
5953802,85.0
5955003,369.0
5955005,56.0
5955010,39.0
5955014,7.0
5955021,7.0
5955023,
5955025,19.0
5955030,5.0
5955034,5.0
5955040,
5955042,74.0
5955801,6.0
5955802,6.0
5955803,18.0
5955804,8.0
5955807,11.0
5955808,27.0
5955812,
5955840,
5955850,
5957022,
5957802,128.0
5957803,125.0
5957804,
5957813,20.0
5957814,95.0
5957820,
5959007,18.0
5959805,
5959806,
5959809,
5959810,64.0
6001003,287.0
6001004,384.0
6001006,197.0
6001007,201.0
6001008,74.0
6001009,105.0
6001010,4.0
6001012,5.0
6001018,6.0
6001019,
6001022,13.0
6001029,13.0
6001031,
6001032,17.0
6001036,15.0
6001037,15.0
6001038,14.0
6001039,17.0
6001041,6.0
6001042,6.0
6001043,
6001044,
6001045,
6001046,76.0
6001047,132.0
6001048,132.0
6001049,130.0
6001050,138.0
6001052,132.0
6001055,443.0
6001057,
6001058,117.0
6001059,118.0
6001060,418.0
6001065,
6101010,
6101014,
6101015,
6101017,891.0
6101025,907.0
6101036,905.0
6101041,
6101063,
6101095,
6102003,1060.0
6102005,882.0
6102007,811.0
6102009,943.0
6102012,1187.0
6102063,
6103031,304.0
6103034,70.0
6103049,86.0
6103052,
6103097,
6104005,625.0
6104006,98.0
6104009,366.0
6104010,514.0
6104013,141.0
6104014,33.0
6104017,425.0
6104038,455.0
6104044,494.0
6104097,474.0
6105001,65.0
6105003,8.0
6105004,6.0
6105016,116.0
6105018,5.0
6105020,
6105026,
6105097,
6106021,31.0
6106023,7.0
6106097,
6204001,
6204003,
6204005,
6204007,
6204009,
6204010,
6204011,
6204012,
6204015,
6204018,
6204019,
6204020,7.0
6204022,
6204025,
6204030,
6205014,
6205015,12.0
6205016,33.0
6205017,7.0
6205019,
6205023,
6205027,
6205033,
6208047,22.0
6208059,
6208065,
6208068,
6208073,18.0
6208081,
6208087,7.0
6208098,
